001.wav	Merhaba, bugün sizinle biraz teknolojiden bahsetmek istiyorum.
002.wav	Bu sunumu hazırlarken aklımdan geçen ilk soru şuydu: acaba gerçekten çalışacak mı?
003.wav	Salonda oturanların çoğu bu konuya benden daha uzun süredir kafa yoruyor olabilir.
004.wav	Dışarıda hava kapalı ama içerisi oldukça sıcak görünüyor.
005.wav	Bir şeyin nasıl çalıştığını anlatmak, onu yapmaktan çoğu zaman daha zordur.
006.wav	Geçen hafta bunun üzerinde çalışırken beklemediğim bir sorunla karşılaştım.
007.wav	Anlamadığım bir konuda konuşmaktansa susmayı tercih ederim.
008.wav	Şu anda duyduğunuz ses benim sesim, ama birazdan bu o kadar da kesin olmayacak.
009.wav	İnsanlar yeni bir aracı ilk gördüklerinde genellikle iki şey sorarlar.
010.wav	Bunu daha önce hiç denemedim, o yüzden sonucu ben de merak ediyorum.
011.wav	Küçük bir hata bile bütün cümlenin anlamını değiştirebilir.
012.wav	Gelmiyorum demekle geliyorum demek arasında tek bir hece var.
013.wav	Yapay zekâ artık sadece metin üretmiyor, konuşmayı da anlıyor ve üretiyor.
014.wav	Bu sistem tamamen bu dizüstü bilgisayarda çalışıyor, hiçbir veri internete çıkmıyor.
015.wav	Konuşma tanıma, makine çevirisi ve ses sentezi üç ayrı model tarafından yapılıyor.
016.wav	Gerçek zamanlı çeviride asıl gecikme ağdan değil, bağlam beklemekten geliyor.
017.wav	Ses klonlama için artık uzun kayıtlara ihtiyaç yok, on beş saniye yetiyor.
018.wav	Bu teknolojinin güvenlik açısından ne anlama geldiğini konuşmamız gerekiyor.
019.wav	Rıza olmadan birinin sesini kopyalamak teknik bir mesele değil, etik bir mesele.
020.wav	Üretilen her ses dosyasına görünmez bir filigran gömülüyor.
021.wav	Filigran tespiti işe yarıyor, ama tek başına yeterli bir çözüm değil.
022.wav	Azınlık dilleri dijital dünyada sistematik olarak geride kalıyor.
023.wav	Bir dil için yeterli veri yoksa, model o dili öğrenemiyor.
024.wav	Çeviri kalitesini ölçmek için kelime hata oranı ve karakter hata oranı kullanıyoruz.
025.wav	Modelin ekleri kaçırması ile kelimeyi yanlış duyması aynı şey değildir.
026.wav	Sesimi klonladım ve şimdi bilmediğim bir dilde konuşuyorum.
027.wav	Bu sunumun amacı sizi korkutmak değil, ne olduğunu göstermek.
028.wav	Friulian, İtalya'nın Friuli Venezia Giulia bölgesinde konuşulan bir dildir.
029.wav	Bu dili yaklaşık altı yüz bin kişi konuşuyor.
030.wav	ARLeF, Friulian dilinden sorumlu bölgesel kurumun adı.
031.wav	Udine ve Gorizia, bölgenin en önemli iki şehri.
032.wav	Whisper, Chatterbox ve Silero kullandığımız üç açık kaynak model.
033.wav	Avrupa Birliği Yapay Zekâ Yasası'nın ellinci maddesi iki bin yirmi altı Ağustos'ta yürürlüğe girdi.
034.wav	Filigran zorunluluğu için tanınan süre iki Aralık'ta doluyor.
035.wav	Test setimizde 200 cümle ve toplam 41,9 dakika ses var.
036.wav	Kelime hata oranımız yüzde 6,15, karakter hata oranımız yüzde 2,02.
037.wav	Ekran kartının belleği 8 gigabayt, bu da bizim en sıkı kısıtımız.
038.wav	İstanbul'dan Udine'ye giden yolda yaklaşık 2.400 kilometre var.
039.wav	Modeli eğitirken 34.723 cümlelik bir veri kümesiyle başladık.
040.wav	Bu rakamların hepsi ölçülmüş değerlerdir, tahmin değil.
